{"cameraMode":{"drawMode":0,"name":"Shaded","section":"Shading Mode"},"sceneLighting":true,"audioPlay":false,"sceneViewState":{"showFog":true,"showMaterialUpdate":false,"showSkybox":true,"showFlares":true,"showImageEffects":true,"showParticleSystems":true},"in2DMode":false,"pivot":{"x":-18.037494659423829,"y":1.9714181423187256,"z":-69.53118133544922},"rotation":{"x":0.006302857771515846,"y":-0.047985516488552096,"z":0.00030544339097104967,"w":0.9988426566123962},"size":8.413150787353516,"orthographic":false}