{"cameraMode":{"drawMode":0,"name":"Shaded","section":"Shading Mode"},"sceneLighting":false,"audioPlay":false,"sceneViewState":{"showFog":true,"showMaterialUpdate":false,"showSkybox":false,"showFlares":true,"showImageEffects":true,"showParticleSystems":true},"in2DMode":false,"pivot":{"x":0.0,"y":3.375000238418579,"z":-1.1920928955078126e-7},"rotation":{"x":-0.03749015927314758,"y":0.007494655903428793,"z":0.00028118150657974184,"w":0.9992688894271851},"size":5.119787216186523,"orthographic":true}