{"cameraMode":{"drawMode":0,"name":"Shaded","section":"Shading Mode"},"sceneLighting":false,"audioPlay":false,"sceneViewState":{"showFog":true,"showMaterialUpdate":false,"showSkybox":false,"showFlares":true,"showImageEffects":true,"showParticleSystems":true},"in2DMode":false,"pivot":{"x":11.97416877746582,"y":7.138103485107422,"z":-15.689735412597657},"rotation":{"x":0.016145456582307817,"y":-0.20843933522701264,"z":0.003396168816834688,"w":0.9779359698295593},"size":0.8660253882408142,"orthographic":false}