{"cameraMode":{"drawMode":0,"name":"Shaded","section":"Shading Mode"},"sceneLighting":false,"audioPlay":false,"sceneViewState":{"showFog":true,"showMaterialUpdate":false,"showSkybox":false,"showFlares":true,"showImageEffects":true,"showParticleSystems":true},"in2DMode":false,"pivot":{"x":-0.24423730373382569,"y":1.4732327461242676,"z":-3.716860055923462},"rotation":{"x":-0.08191079646348953,"y":0.7705472111701965,"z":-0.10111939907073975,"w":-0.6240047216415405},"size":58.583065032958987,"orthographic":false}